,training_loss,validation_loss,training_accuracy,validation_accuracy
0,6178.41357421875,3223.2763671875,,
1,6116.5400390625,3178.204833984375,,
2,6053.26025390625,3136.33935546875,,
3,5990.67236328125,3097.696533203125,,
4,5938.4375,3061.26220703125,,
5,5890.99951171875,3027.35595703125,,
6,5844.39599609375,2997.071044921875,,
7,5801.5361328125,2970.76513671875,,
8,5765.82568359375,2948.045166015625,,
9,5736.59228515625,2928.3505859375,,
