,training_loss,validation_loss,training_accuracy,validation_accuracy
0,5028.74072265625,2218.51123046875,,
1,4291.1337890625,2216.054931640625,,
2,4033.748291015625,2417.17578125,,
3,4393.99658203125,2384.3486328125,,
4,3825.85546875,2276.3857421875,,
5,3666.53076171875,2097.92236328125,,
6,3664.004638671875,1961.1558837890625,,
7,3745.69677734375,1870.0792236328125,,
8,3589.7509765625,1803.3046875,,
9,3525.223388671875,1738.949462890625,,
