,training_loss,validation_loss,training_accuracy,validation_accuracy
0,5800.5810546875,3144.573974609375,,
1,5643.57177734375,3046.671142578125,,
2,5516.99267578125,2970.15380859375,,
3,5412.0400390625,2909.04150390625,,
4,5334.39208984375,2860.2548828125,,
5,5272.46533203125,2822.98876953125,,
6,5220.84521484375,2796.201416015625,,
7,5190.02001953125,2776.5693359375,,
8,5162.23876953125,2761.767333984375,,
9,5141.63232421875,2749.72998046875,,
