,training_loss,validation_loss,training_accuracy,validation_accuracy
0,5118.0234375,2147.510498046875,,
1,4027.953857421875,2801.0546875,,
2,4356.12890625,2484.13232421875,,
3,4245.89599609375,1950.0064697265625,,
4,3855.640625,1788.838134765625,,
5,4037.292724609375,1749.2606201171875,,
6,3955.21923828125,1705.613037109375,,
7,3785.503173828125,1714.496337890625,,
8,3847.2431640625,1828.079833984375,,
9,3877.059814453125,1873.4302978515625,,
