,training_loss,validation_loss,training_accuracy,validation_accuracy
0,4794.76171875,2563.2607421875,,
1,4599.0205078125,2478.5771484375,,
2,4441.16015625,2411.369384765625,,
3,4316.7841796875,2355.4384765625,,
4,4206.57958984375,2310.78857421875,,
5,4100.17333984375,2272.205810546875,,
6,4036.48486328125,2240.03857421875,,
7,3933.658447265625,2210.4462890625,,
8,3866.6435546875,2181.297607421875,,
9,3786.89404296875,2153.06201171875,,
