,training_loss,validation_loss,training_accuracy,validation_accuracy
0,5846.712890625,3239.495361328125,,
1,5797.3125,3202.1259765625,,
2,5745.52880859375,3167.47216796875,,
3,5698.892578125,3135.1552734375,,
4,5654.0224609375,3105.24853515625,,
5,5612.32373046875,3078.06591796875,,
6,5580.23681640625,3053.582275390625,,
7,5548.1064453125,3031.73388671875,,
8,5517.099609375,3011.6484375,,
9,5490.21728515625,2992.484130859375,,
