,training_loss,validation_loss,training_accuracy,validation_accuracy
0,5705.28076171875,3090.3447265625,,
1,5589.19580078125,3054.2529296875,,
2,5546.37109375,3031.22607421875,,
3,5516.1259765625,3014.094482421875,,
4,5494.646484375,2997.09326171875,,
5,5473.03076171875,2983.4267578125,,
6,5453.9375,2970.77734375,,
7,5435.88720703125,2958.8642578125,,
8,5419.712890625,2948.73974609375,,
9,5406.662109375,2939.75244140625,,
