,training_loss,validation_loss,training_accuracy,validation_accuracy
0,5729.73095703125,3176.89404296875,,
1,5720.376953125,3175.635498046875,,
2,5719.23291015625,3175.24609375,,
3,5718.7041015625,3174.86767578125,,
4,5718.19091796875,3174.4873046875,,
5,5717.70263671875,3174.10205078125,,
6,5717.1484375,3173.721435546875,,
7,5716.71435546875,3173.33447265625,,
8,5716.17919921875,3172.95166015625,,
9,5715.6279296875,3172.571044921875,,
