,training_loss,validation_loss,training_accuracy,validation_accuracy
0,6171.916015625,3096.681640625,,
1,5899.02294921875,3014.3994140625,,
2,5820.77685546875,2984.3740234375,,
3,5791.70361328125,2961.164306640625,,
4,5761.57568359375,2942.883544921875,,
5,5737.62158203125,2925.6162109375,,
6,5710.99560546875,2908.9306640625,,
7,5688.9970703125,2892.62890625,,
8,5662.724609375,2877.36181640625,,
9,5639.06982421875,2862.258056640625,,
