,training_loss,validation_loss,training_accuracy,validation_accuracy
0,6179.25146484375,3261.41845703125,,
1,6150.25341796875,3257.2197265625,,
2,6130.77197265625,3252.37890625,,
3,6101.99462890625,3248.06787109375,,
4,6073.45263671875,3243.75830078125,,
5,6034.69140625,3239.988037109375,,
6,5974.6240234375,3235.880859375,,
7,5908.685546875,3231.109130859375,,
8,5870.95361328125,3219.495361328125,,
9,5781.2412109375,3191.668701171875,,
