,training_loss,validation_loss,training_accuracy,validation_accuracy
0,5868.568359375,3205.62109375,,
1,5734.14208984375,3159.11083984375,,
2,5692.736328125,3145.336181640625,,
3,5677.60888671875,3141.3310546875,,
4,5672.6884765625,3139.703125,,
5,5670.728515625,3138.7646484375,,
6,5669.5830078125,3138.061279296875,,
7,5668.681640625,3137.452392578125,,
8,5667.78857421875,3136.89453125,,
9,5667.1181640625,3136.351806640625,,
