,training_loss,validation_loss,training_accuracy,validation_accuracy
0,5790.42529296875,3205.818359375,,
1,5743.5029296875,3180.389404296875,,
2,5718.65966796875,3155.2353515625,,
3,5685.91064453125,3130.205810546875,,
4,5657.8095703125,3105.38232421875,,
5,5630.32177734375,3080.5263671875,,
6,5576.76025390625,3055.991943359375,,
7,5559.99365234375,3031.297607421875,,
8,5488.88818359375,3006.502197265625,,
9,5462.17529296875,2981.763671875,,
