,training_loss,validation_loss,training_accuracy,validation_accuracy
0,6267.1875,2732.22607421875,,
1,4928.873046875,2355.537353515625,,
2,4333.3642578125,2136.51123046875,,
3,3906.297607421875,2062.5712890625,,
4,3689.71435546875,2100.475341796875,,
5,3618.65625,2204.021484375,,
6,3571.758544921875,2299.48583984375,,
7,3622.022705078125,2359.1845703125,,
8,3605.244873046875,2337.52490234375,,
9,3567.92724609375,2257.0576171875,,
