,training_loss,validation_loss,training_accuracy,validation_accuracy
0,6202.849609375,3238.92919921875,,
1,6133.29931640625,3190.244140625,,
2,6066.09765625,3156.5087890625,,
3,6027.2216796875,3129.404541015625,,
4,5987.4375,3105.1796875,,
5,5956.60205078125,3080.947021484375,,
6,5927.22412109375,3059.373779296875,,
7,5899.27197265625,3038.970947265625,,
8,5869.80322265625,3019.139892578125,,
9,5842.80029296875,3000.41455078125,,
