,training_loss,validation_loss,training_accuracy,validation_accuracy
0,6345.01220703125,3357.618408203125,,
1,6313.0947265625,3336.143798828125,,
2,6277.44970703125,3314.107421875,,
3,6249.54052734375,3291.7275390625,,
4,6235.10107421875,3269.080810546875,,
5,6161.9228515625,3246.1357421875,,
6,6159.8115234375,3222.779541015625,,
7,6142.990234375,3198.689453125,,
8,6077.60986328125,3174.046142578125,,
9,6044.36474609375,3148.902587890625,,
