,training_loss,validation_loss,training_accuracy,validation_accuracy
0,5909.76806640625,2300.80517578125,,
1,4110.23291015625,2567.359375,,
2,4013.322998046875,2163.96728515625,,
3,4049.14697265625,2157.524658203125,,
4,4404.2109375,2561.829345703125,,
5,3936.773681640625,2016.7034912109375,,
6,3886.316162109375,1945.80810546875,,
7,4084.811767578125,1896.126220703125,,
8,4032.531005859375,2253.35400390625,,
9,3863.303466796875,2151.4384765625,,
