,training_loss,validation_loss,training_accuracy,validation_accuracy
0,6112.75927734375,3117.32568359375,,
1,5949.40185546875,3053.45947265625,,
2,5879.73046875,3023.386474609375,,
3,5850.7216796875,3002.489990234375,,
4,5818.42529296875,2987.397216796875,,
5,5799.56787109375,2974.412109375,,
6,5782.12158203125,2962.542724609375,,
7,5762.89306640625,2951.653076171875,,
8,5748.75048828125,2940.935791015625,,
9,5734.509765625,2931.320068359375,,
