,training_loss,validation_loss,training_accuracy,validation_accuracy
0,6170.88916015625,3230.5185546875,,
1,6139.509765625,3214.95263671875,,
2,6113.81591796875,3199.820068359375,,
3,6097.150390625,3184.153076171875,,
4,6068.84228515625,3167.73486328125,,
5,6032.44140625,3150.984375,,
6,6023.71728515625,3134.357421875,,
7,6017.25439453125,3117.51904296875,,
8,5984.66552734375,3099.180419921875,,
9,5971.51318359375,3081.0009765625,,
