,training_loss,validation_loss,training_accuracy,validation_accuracy
0,6269.60693359375,3305.33154296875,,
1,6236.56884765625,3283.29345703125,,
2,6205.189453125,3263.079833984375,,
3,6177.14892578125,3244.310791015625,,
4,6151.28857421875,3226.18359375,,
5,6125.70556640625,3208.176025390625,,
6,6100.32666015625,3190.60546875,,
7,6073.3720703125,3174.35693359375,,
8,6050.13427734375,3159.780517578125,,
9,6030.51953125,3146.755126953125,,
