,training_loss,validation_loss,training_accuracy,validation_accuracy
0,5883.37841796875,3272.76513671875,,
1,5846.5244140625,3247.134765625,,
2,5813.9814453125,3231.012939453125,,
3,5807.65966796875,3214.69287109375,,
4,5782.33935546875,3197.363525390625,,
5,5755.0419921875,3178.895263671875,,
6,5718.50244140625,3158.729736328125,,
7,5683.42529296875,3137.6201171875,,
8,5670.42578125,3115.361328125,,
9,5655.7099609375,3092.15869140625,,
