,training_loss,validation_loss,training_accuracy,validation_accuracy
0,5793.8359375,3073.327392578125,,
1,5529.42431640625,2958.1533203125,,
2,5397.44775390625,2908.73974609375,,
3,5346.9560546875,2878.4443359375,,
4,5301.42041015625,2852.3994140625,,
5,5264.16259765625,2828.71142578125,,
6,5233.01708984375,2807.908203125,,
7,5206.06494140625,2788.37646484375,,
8,5179.34326171875,2770.175048828125,,
9,5152.71240234375,2753.200927734375,,
