,training_loss,validation_loss,training_accuracy,validation_accuracy
0,5814.04736328125,3199.159912109375,,
1,5738.5234375,3157.79638671875,,
2,5684.92236328125,3131.189697265625,,
3,5651.95068359375,3109.224609375,,
4,5621.10986328125,3087.801025390625,,
5,5595.94482421875,3066.454833984375,,
6,5567.19677734375,3046.02294921875,,
7,5538.21826171875,3026.571533203125,,
8,5509.58203125,3007.947265625,,
9,5487.01953125,2989.6240234375,,
