,training_loss,validation_loss,training_accuracy,validation_accuracy
0,6443.80908203125,3290.333984375,,
1,6178.09765625,3095.974365234375,,
2,5905.505859375,2914.61962890625,,
3,5632.97607421875,2739.485107421875,,
4,5354.24072265625,2570.2236328125,,
5,5118.66552734375,2409.237060546875,,
6,4860.80615234375,2270.29443359375,,
7,4636.7158203125,2167.560546875,,
8,4421.1025390625,2112.16455078125,,
9,4258.97216796875,2105.410888671875,,
