,training_loss,validation_loss,training_accuracy,validation_accuracy
0,6235.580078125,3269.7783203125,,
1,6198.4326171875,3248.128662109375,,
2,6172.4091796875,3227.19287109375,,
3,6124.22265625,3206.759521484375,,
4,6084.34521484375,3186.24755859375,,
5,6042.3583984375,3165.78662109375,,
6,6015.2412109375,3146.30126953125,,
7,6021.33837890625,3128.39013671875,,
8,5972.16357421875,3111.96337890625,,
9,5995.625,3096.99169921875,,
