,training_loss,validation_loss,training_accuracy,validation_accuracy
0,6157.625,3116.4794921875,,
1,5928.26416015625,2985.874755859375,,
2,5760.66552734375,2877.05078125,,
3,5622.59228515625,2796.624755859375,,
4,5499.66796875,2739.837158203125,,
5,5430.93701171875,2699.190185546875,,
6,5370.2509765625,2671.12548828125,,
7,5328.4404296875,2651.481689453125,,
8,5304.3759765625,2637.03662109375,,
9,5281.04345703125,2626.01806640625,,
