,training_loss,validation_loss,training_accuracy,validation_accuracy
0,6219.35595703125,3249.62548828125,,
1,6155.705078125,3209.704345703125,,
2,6107.716796875,3179.78466796875,,
3,6068.17578125,3157.751220703125,,
4,6038.2421875,3139.677978515625,,
5,6012.08642578125,3123.158203125,,
6,5990.1796875,3106.965576171875,,
7,5965.82666015625,3091.2666015625,,
8,5942.45654296875,3076.54248046875,,
9,5923.1533203125,3062.852294921875,,
