,training_loss,validation_loss,training_accuracy,validation_accuracy
0,5813.67626953125,3244.1923828125,,
1,5792.17626953125,3221.12841796875,,
2,5738.2880859375,3199.943115234375,,
3,5722.27490234375,3181.2998046875,,
4,5732.4462890625,3164.7919921875,,
5,5702.49853515625,3149.976318359375,,
6,5694.05859375,3136.294921875,,
7,5651.2890625,3123.313232421875,,
8,5615.0927734375,3110.696044921875,,
9,5636.90478515625,3098.02197265625,,
