,training_loss,validation_loss,training_accuracy,validation_accuracy
0,5837.87353515625,3221.92626953125,,
1,5759.9599609375,3170.582275390625,,
2,5692.54931640625,3123.07666015625,,
3,5621.62060546875,3080.392822265625,,
4,5572.0751953125,3041.17578125,,
5,5514.5576171875,3005.4287109375,,
6,5463.55908203125,2972.633056640625,,
7,5424.35400390625,2942.3232421875,,
8,5377.78515625,2915.6884765625,,
9,5345.47607421875,2892.0771484375,,
