,Metals,Values
0,Mn,9.058383809571948
1,Fe,39.68297471011344
2,Cu,10.14411813781001
3,Zn,19.4421500880211
4,As,19.72167947600238
5,Pb,1.9506937784811231
