,training_loss,validation_loss,training_accuracy,validation_accuracy
0,5159.12646484375,2200.08935546875,,
1,4046.798095703125,2530.931884765625,,
2,4005.415771484375,2690.932861328125,,
3,4343.62109375,2401.359375,,
4,3816.461669921875,2071.97998046875,,
5,3319.2080078125,1853.533935546875,,
6,3335.520751953125,1738.916015625,,
7,3394.335693359375,1675.9609375,,
8,3373.110107421875,1588.2470703125,,
9,3122.157470703125,1503.7681884765625,,
10,3501.20751953125,1443.570556640625,,
11,2958.0107421875,1397.09375,,
12,3050.426513671875,1330.8919677734375,,
13,2594.51513671875,1240.634033203125,,
14,2824.209716796875,1173.8848876953125,,
15,2566.888671875,1161.888427734375,,
16,2581.857177734375,1228.0853271484375,,
17,2295.433349609375,1199.814453125,,
18,2590.790283203125,1092.119873046875,,
19,2427.767578125,1015.9444580078125,,
20,2121.376220703125,999.015380859375,,
21,1960.99560546875,983.8155517578125,,
22,2538.67578125,1005.6541137695312,,
23,2240.7724609375,1099.458740234375,,
24,2182.46484375,1120.112060546875,,
25,1885.7110595703125,1113.1357421875,,
26,2525.49560546875,1061.391845703125,,
27,2132.4072265625,1049.576904296875,,
28,2055.131103515625,1010.528076171875,,
29,2005.4832763671875,1007.2142944335938,,
30,2499.245849609375,1026.0830078125,,
31,2376.050537109375,1113.4117431640625,,
32,2277.1142578125,1168.4864501953125,,
33,1818.453857421875,1117.536376953125,,
34,2021.7349853515625,1041.60986328125,,
35,1882.649169921875,1003.7343139648438,,
36,1480.344970703125,981.8092651367188,,
37,2192.408447265625,955.027099609375,,
38,1919.6873779296875,952.8294067382812,,
39,1975.47412109375,1027.044921875,,
40,1611.443603515625,1096.4263916015625,,
41,1886.2567138671875,1126.25439453125,,
42,1811.5518798828125,1014.1531982421875,,
43,1521.853271484375,910.5665283203125,,
44,1958.3270263671875,863.6328125,,
45,2027.8348388671875,922.6235961914062,,
46,1812.0223388671875,1011.918701171875,,
47,1913.7213134765625,1042.1060791015625,,
48,1716.196533203125,978.0234375,,
49,2087.480224609375,886.0233154296875,,
