,training_loss,validation_loss,training_accuracy,validation_accuracy
0,5459.0908203125,2864.8388671875,,
1,5261.12548828125,2742.906494140625,,
2,5028.67724609375,2627.98779296875,,
3,4872.07080078125,2513.9482421875,,
4,4663.51220703125,2402.489990234375,,
5,4482.63330078125,2288.999267578125,,
6,4255.53857421875,2183.07958984375,,
7,4063.830322265625,2106.928955078125,,
8,3833.309326171875,2083.06494140625,,
9,3654.84765625,2172.5,,
10,3596.529296875,2448.48193359375,,
11,3649.309326171875,2426.066650390625,,
12,3504.01025390625,2128.21484375,,
13,3362.1376953125,1921.5849609375,,
14,3287.04150390625,1820.507568359375,,
15,3255.70947265625,1760.6387939453125,,
16,3230.2490234375,1712.48828125,,
17,3186.8369140625,1674.332763671875,,
18,3133.47607421875,1646.275146484375,,
19,3057.152099609375,1613.22021484375,,
20,2986.036865234375,1556.017578125,,
21,2936.81787109375,1512.98095703125,,
22,2862.8623046875,1425.280029296875,,
23,2789.130126953125,1356.0821533203125,,
24,2691.85205078125,1309.6217041015625,,
25,2595.140380859375,1267.213134765625,,
26,2537.902099609375,1217.064208984375,,
27,2468.847412109375,1140.02587890625,,
28,2386.87744140625,1057.755859375,,
29,2295.00439453125,978.0678100585938,,
30,2207.626220703125,869.2400512695312,,
31,2118.948974609375,773.226806640625,,
32,2013.6766357421875,675.5234375,,
33,1985.1943359375,571.8206787109375,,
34,2166.18701171875,677.1785278320312,,
35,1894.1656494140625,557.6326904296875,,
36,1753.978759765625,480.2624816894531,,
37,1583.4815673828125,526.3558349609375,,
38,1587.995849609375,388.0286865234375,,
39,1621.0086669921875,347.1341552734375,,
40,1684.099365234375,493.6191101074219,,
41,1425.916259765625,315.46954345703125,,
42,1376.8243408203125,291.4517517089844,,
43,1261.784912109375,386.24365234375,,
44,1248.4521484375,311.7492370605469,,
45,1228.85693359375,242.8465576171875,,
46,1029.68408203125,337.72930908203125,,
47,1063.9130859375,239.69371032714844,,
48,1369.1611328125,227.50180053710938,,
49,868.727294921875,444.023193359375,,
