,training_loss,validation_loss,training_accuracy,validation_accuracy
0,6189.42529296875,3262.26611328125,,
1,6145.751953125,3253.728271484375,,
2,6124.87890625,3245.546875,,
3,6081.90576171875,3237.748046875,,
4,6036.26513671875,3231.218505859375,,
5,5971.13818359375,3227.96142578125,,
6,5935.78857421875,3221.5537109375,,
7,5857.92431640625,3213.2548828125,,
8,5833.72509765625,3206.0703125,,
9,5720.6953125,3184.00146484375,,
10,5666.8017578125,3167.3896484375,,
11,5640.705078125,3134.93505859375,,
12,5523.4345703125,3154.642578125,,
13,5518.24365234375,3191.032958984375,,
14,5518.33984375,3085.4130859375,,
15,5421.2822265625,3032.1982421875,,
16,5464.681640625,3026.128662109375,,
17,5357.13330078125,3064.9267578125,,
18,5152.61279296875,3126.6142578125,,
19,5163.53173828125,3156.73193359375,,
20,5087.3857421875,3118.29833984375,,
21,4972.5546875,2994.91064453125,,
22,4952.5625,2936.83837890625,,
23,4944.48193359375,2929.91162109375,,
24,4928.72021484375,2892.774169921875,,
25,4681.00537109375,2900.27099609375,,
26,4821.177734375,3078.353515625,,
27,4673.8935546875,3043.835205078125,,
28,4701.552734375,2786.138427734375,,
29,4452.54443359375,2738.1328125,,
30,4572.537109375,2721.670654296875,,
31,4475.951171875,2701.8896484375,,
32,4452.59521484375,2672.453857421875,,
33,4199.0595703125,2687.9794921875,,
34,4254.75537109375,2756.795166015625,,
35,4503.9560546875,2936.888671875,,
36,4108.1708984375,2925.5244140625,,
37,3988.693603515625,2831.80810546875,,
38,3945.837158203125,2604.28564453125,,
39,4029.40673828125,2501.724853515625,,
40,4087.612060546875,2477.683837890625,,
41,3887.643310546875,2523.364990234375,,
42,3946.961181640625,2606.1474609375,,
43,3759.212158203125,2895.73876953125,,
44,3382.678955078125,2888.43701171875,,
45,3526.264892578125,2773.96630859375,,
46,3595.8837890625,2829.226806640625,,
47,3286.684814453125,2926.5986328125,,
48,3229.19189453125,2924.914306640625,,
49,2902.45703125,2667.558349609375,,
