,training_loss,validation_loss,training_accuracy,validation_accuracy
0,4715.5302734375,2033.082763671875,,
1,3727.65625,2623.505859375,,
2,3796.259521484375,2422.453857421875,,
3,3486.75341796875,1791.50732421875,,
4,3109.038330078125,1466.70458984375,,
5,3013.006591796875,1392.404052734375,,
6,2895.870361328125,1282.77734375,,
7,2698.467041015625,1147.4864501953125,,
8,2529.88427734375,1046.43798828125,,
9,2420.395751953125,1016.9102783203125,,
10,2394.01708984375,957.32861328125,,
11,2270.1669921875,839.437744140625,,
12,2142.9794921875,779.248046875,,
13,2051.228271484375,754.90234375,,
14,1999.4072265625,738.3515625,,
15,1971.40380859375,707.0975341796875,,
16,1904.009765625,670.4475708007812,,
17,1857.9852294921875,626.7354736328125,,
18,1844.6993408203125,579.4864501953125,,
19,1792.973876953125,562.6328125,,
20,1776.0897216796875,537.7260131835938,,
21,1752.03564453125,534.426025390625,,
22,1708.989013671875,532.8903198242188,,
23,1686.848388671875,534.9193725585938,,
24,1693.876953125,541.1821899414062,,
25,1639.0252685546875,513.8681030273438,,
26,1616.5252685546875,490.3604736328125,,
27,1600.4971923828125,477.7137756347656,,
28,1577.8414306640625,479.11083984375,,
29,1555.5888671875,486.6903076171875,,
30,1530.9617919921875,488.4975891113281,,
31,1520.4976806640625,486.3760070800781,,
32,1516.017578125,497.69696044921875,,
33,1486.8619384765625,489.7520751953125,,
34,1467.1650390625,474.6695556640625,,
35,1450.4471435546875,459.483154296875,,
36,1434.7099609375,454.7139892578125,,
37,1425.8155517578125,451.9347229003906,,
38,1405.63037109375,464.09271240234375,,
39,1415.4892578125,496.0589294433594,,
40,1394.3863525390625,511.27215576171875,,
41,1360.4427490234375,492.8123474121094,,
42,1338.132080078125,477.40008544921875,,
43,1326.969970703125,472.58734130859375,,
44,1314.534912109375,475.7689208984375,,
45,1308.740478515625,489.69677734375,,
46,1329.513916015625,491.4443054199219,,
47,1297.570068359375,531.4671630859375,,
48,1263.1300048828125,549.0791015625,,
49,1254.457763671875,552.7923583984375,,
